{"meta": {"version": "7.3.2", "timestamp": "2023-12-05T23:47:44.718583", "branch_coverage": false, "show_contexts": false}, "files": {"converted_codes\\WarmButton.py": {"executed_lines": [9, 11, 12, 13, 15, 16, 17, 19, 20, 21, 22, 23, 25, 26, 28, 29, 30, 31, 33, 35, 36, 38, 39, 40, 42, 44, 45, 50, 51, 55, 59, 60, 61, 62, 63, 65, 66, 67, 68], "summary": {"covered_lines": 23, "num_statements": 33, "percent_covered": 69.6969696969697, "percent_covered_display": "70", "missing_lines": 10, "excluded_lines": 22}, "missing_lines": [8, 46, 47, 48, 52, 53, 54, 56, 57, 58], "excluded_lines": [1, 2, 3, 4, 5, 6, 9, 11, 12, 13, 15, 16, 17, 19, 20, 21, 22, 23, 25, 26, 67, 68]}, "coverage\\baseline_coverage.py": {"executed_lines": [56], "summary": {"covered_lines": 1, "num_statements": 85, "percent_covered": 1.1764705882352942, "percent_covered_display": "1", "missing_lines": 84, "excluded_lines": 2}, "missing_lines": [1, 2, 3, 4, 5, 6, 7, 8, 9, 14, 16, 17, 18, 19, 20, 21, 22, 23, 24, 25, 26, 27, 28, 29, 30, 31, 32, 33, 34, 35, 36, 37, 38, 39, 40, 42, 43, 45, 47, 48, 49, 50, 53, 54, 55, 57, 58, 61, 62, 63, 65, 66, 67, 68, 69, 71, 73, 76, 78, 79, 80, 81, 82, 84, 87, 89, 90, 92, 93, 94, 95, 96, 98, 100, 102, 103, 104, 106, 116, 117, 122, 123, 124, 127], "excluded_lines": [11, 12]}, "simulator\\machine.py": {"executed_lines": [18, 19, 20, 24, 28, 32, 36, 38, 43, 44, 45, 46, 47, 56, 57, 58, 60, 61, 62, 63, 65, 69, 70, 71, 74, 81, 82, 83, 86, 87, 89, 92, 93, 95], "summary": {"covered_lines": 34, "num_statements": 77, "percent_covered": 44.15584415584416, "percent_covered_display": "44", "missing_lines": 43, "excluded_lines": 0}, "missing_lines": [1, 2, 3, 5, 6, 8, 9, 10, 11, 12, 13, 14, 16, 22, 26, 27, 30, 31, 33, 34, 35, 37, 39, 40, 41, 42, 48, 49, 50, 51, 54, 55, 59, 64, 67, 68, 73, 76, 77, 78, 79, 80, 84], "excluded_lines": []}, "simulator\\simulator.py": {"executed_lines": [7, 8, 9, 10, 12, 15, 16, 18, 19, 23, 25, 27, 30, 37, 38, 39, 42, 43, 44, 45, 46, 47, 48, 49, 50, 51, 52, 55, 56, 57, 63, 66, 69, 72, 73, 76, 77, 78, 79, 80, 81, 96, 97, 100, 101, 102, 106, 107, 108, 109, 111, 115, 116, 117, 118, 119, 120, 121, 122, 126, 127, 129, 130, 132, 135, 142, 148, 150, 151, 155, 156, 157, 162, 166, 169, 175, 177, 178, 179, 180, 183, 184, 185, 188, 192], "summary": {"covered_lines": 85, "num_statements": 146, "percent_covered": 58.21917808219178, "percent_covered_display": "58", "missing_lines": 61, "excluded_lines": 0}, "missing_lines": [1, 2, 3, 5, 6, 11, 13, 33, 34, 54, 59, 60, 62, 65, 68, 71, 75, 83, 84, 85, 86, 87, 88, 89, 90, 91, 93, 113, 114, 124, 139, 140, 143, 144, 146, 147, 153, 160, 164, 168, 172, 174, 182, 187, 190, 191, 194, 195, 196, 198, 199, 200, 202, 203, 204, 205, 206, 207, 208, 209, 210], "excluded_lines": []}, "simulator\\utime.py": {"executed_lines": [4], "summary": {"covered_lines": 1, "num_statements": 3, "percent_covered": 33.333333333333336, "percent_covered_display": "33", "missing_lines": 2, "excluded_lines": 0}, "missing_lines": [1, 3], "excluded_lines": []}}, "totals": {"covered_lines": 144, "num_statements": 344, "percent_covered": 41.86046511627907, "percent_covered_display": "42", "missing_lines": 200, "excluded_lines": 24}}