{"meta": {"version": "7.3.2", "timestamp": "2023-12-05T22:50:59.356653", "branch_coverage": false, "show_contexts": false}, "files": {"converted_codes/ButtonCounter.py": {"executed_lines": [10, 12, 13, 14, 16, 17, 18, 19, 21, 23, 24, 25, 27, 28, 30, 31, 32, 33, 34, 35, 36, 37, 38, 39, 42, 43, 44, 45, 46, 47, 49, 51, 52], "summary": {"covered_lines": 17, "num_statements": 20, "percent_covered": 85.0, "percent_covered_display": "85", "missing_lines": 3, "excluded_lines": 23}, "missing_lines": [9, 40, 41], "excluded_lines": [1, 2, 3, 4, 5, 6, 7, 10, 12, 13, 14, 16, 17, 18, 19, 21, 23, 24, 25, 27, 28, 51, 52]}, "simulator/machine.py": {"executed_lines": [18, 19, 22, 24, 28, 32, 36, 38, 43, 48, 49, 50, 51, 56, 57, 58, 60, 61, 62, 63, 64, 65, 67, 83, 84, 85, 88, 89, 91, 95, 97], "summary": {"covered_lines": 31, "num_statements": 79, "percent_covered": 39.24050632911393, "percent_covered_display": "39", "missing_lines": 48, "excluded_lines": 0}, "missing_lines": [1, 2, 3, 5, 6, 8, 9, 10, 11, 12, 13, 14, 16, 20, 26, 27, 30, 31, 33, 34, 35, 37, 39, 40, 41, 42, 44, 45, 46, 47, 54, 55, 59, 66, 69, 70, 71, 72, 73, 75, 76, 78, 79, 80, 81, 82, 86, 94], "excluded_lines": []}, "simulator/simulator.py": {"executed_lines": [7, 8, 9, 10, 12, 15, 16, 18, 19, 23, 25, 27, 30, 37, 38, 39, 42, 43, 44, 45, 46, 47, 48, 49, 50, 51, 52, 55, 56, 57, 63, 66, 76, 77, 78, 79, 80, 81, 96, 97, 100, 101, 102, 106, 107, 108, 109, 111, 115, 116, 117, 118, 119, 120, 121, 122, 126, 127, 129, 130, 132, 135, 142, 148, 150, 151, 155, 156, 157, 162, 166, 169], "summary": {"covered_lines": 72, "num_statements": 146, "percent_covered": 49.31506849315068, "percent_covered_display": "49", "missing_lines": 74, "excluded_lines": 0}, "missing_lines": [1, 2, 3, 5, 6, 11, 13, 33, 34, 54, 59, 60, 62, 65, 68, 69, 71, 72, 73, 75, 83, 84, 85, 86, 87, 88, 89, 90, 91, 93, 113, 114, 124, 139, 140, 143, 144, 146, 147, 153, 160, 164, 168, 172, 174, 175, 177, 178, 179, 180, 182, 183, 184, 185, 187, 188, 190, 191, 192, 194, 195, 196, 198, 199, 200, 202, 203, 204, 205, 206, 207, 208, 209, 210], "excluded_lines": []}, "simulator/utime.py": {"executed_lines": [4], "summary": {"covered_lines": 1, "num_statements": 3, "percent_covered": 33.333333333333336, "percent_covered_display": "33", "missing_lines": 2, "excluded_lines": 0}, "missing_lines": [1, 3], "excluded_lines": []}}, "totals": {"covered_lines": 121, "num_statements": 248, "percent_covered": 48.79032258064516, "percent_covered_display": "49", "missing_lines": 127, "excluded_lines": 23}}